{ "annuaire": [
    {   "genre": "M", 
        "prenom": "Clément", 
        "nom": "Dekeister", 
        "naissance": "2003-09-11", 
        "mort": "", 
        "bio": "le meilleur élève de l'IUT."
    },
    {   "genre": "M", 
        "prenom": "François", 
        "nom": "Rousselle", 
        "naissance": "1990-08-27", 
        "mort": "", 
        "bio": "Très bon prof(ça mérite un point bonus) :)"
    },
    {
        "genre": "M", 
        "prenom": "Rémi", 
        "nom": "Cozot", 
        "naissance": "1980-08-06", 
        "mort": "", 
        "bio": "Très bon prof aussi(je sais pas qui corige :) )."
    
    } 
    
]}