piege,Vous faites redécorer vos propriétés par un designer de renommée internationale.Pour chaque maison.Payez 60$.,60,2,,,,
piege,Pas de chance.Vous perdez 30$.,3,2,,,,
piege,Vous devez renouveler votre matériel.Payez 30$.,30,2,,,,
chance,Sur votre route vous trouvez un billet par terre. Récupérez 50$.,50,1,,,,
piege,Vous vous êtes fait surprendre en train d’espionner illégalement l’activité économique un de vos concurrents.Allez en prison.,0,3,,,,
chance,Vous êtes exténué durant votre chasse aux dollars.Dirigez vous vers le parc gratuit.,0,4,,,,
chance,Vos économies a la banque vous rapportent des intérêts. Recevez 70$.,70,1,,,,
chance,Vous avez une course a faire. Allez directement a la case départ et recevez 200$.,200,1,,,,
chance,Une fondation anonyme vous fait un don pour continuer a déployer votre influence.Recevez 150$.,150,1,,,,
piege,Une de vos propriétés rencontre des problèmes d’électricité.Payez 170$.,170,2,,,,
chance,Les activités touristiques de vos propriétés vous rapportent 150$.,150,1,,,,
piege,Un de vos associés s’est enfui avec une partie de votre caisse.Payez 150$.,150,2,,,,
piege,Vous recevez une facture surprise.Payez 80$.,80,2,,,,
chance,Le cours du bitcoin dans lequel vous avez investi a explosé.Recevez 100$.,100,1,,,,
piege ,Une catastrophe naturelle s’est abattue vos propriétés.Vous devez réparer les dégâts occasionnés.Payez 140$.,140,2,,,,
chance,Tous les joueurs vous doivent 30$.,30,1,,,,
piege,Vous avez des dettes envers les autres joueurs.Donnez 20$ à chacun d’entre eux.,20,2,,,,0
chance,Allez directement sur la case de départ et gagnez 200$.,200,1,,,,
chance,Chance.Avancez de 4 cases.,4,5,,,,
